ano,mÃªs,Chuva01,Chuva02,Chuva03,Chuva04,Chuva05,Chuva06,Chuva07,Chuva08,Chuva09,Chuva10,Chuva11,Chuva12,Chuva13,Chuva14,Chuva15,Chuva16,Chuva17,Chuva18,Chuva19,Chuva20,Chuva21,Chuva22,Chuva23,Chuva24,Chuva25,Chuva26,Chuva27,Chuva28,Chuva29,Chuva30,Chuva31
1972,1,0,0,0,0,0,0,0,0,0,20.1,2.3,0,50.4,0,118.2,0,0,9.4,10.2,15.3,0,0,0,0,0,15.3,0,0,0,50.2,0
1972,2,0,0,0,0,20.2,0,35.3,0,0,0,0,0,0,48.2,0,52.3,0,73.1,0,35.2,0,0,0,25.3,0,0,0,0,0,,
1972,3,0,10,0,25.3,0,53.1,0,0,32.1,0,0,0,0,0,0,45.3,0,0,34.1,0,0,0,0,0,0,18.1,0,0,55.2,0,0
1972,4,12.6,16.3,0,2.3,2.1,0,0,0,0,0,0,13.2,2,1.1,0,0,0,0,41.5,88.6,42.5,0,0,0,0,0,6.2,0,10,10.5,
1972,5,0,18.2,10.1,1.1,3.3,0,0,0,0,6,6.6,0,0,0,0,0,0,0,6,0,0,0,0,7,0,0,0,0,17.4,0,0
1972,6,0,0,0,0,19.4,0,0,0,13.4,0,0,5,0,0,0,0,0,0,0,0,0,0,0,36,0,0,0,0,0,0,
1972,7,0,0,0,0,0,0,0,0,0,0,9.3,0,0,0,0,0,0,0,0,0,0,0,0,0,0,0,0,0,0,9,0
1972,8,0,0,0,0,0,0,0,0,0,0,25,22,0,0,0,0,19,0,0,0,0,0,0,0,0,0,0,0,0,0,0
1972,9,0,0,0,0,0,0,0,0,0,0,0,0,0,0,0,0,0,0,0,0,0,0,0,0,0,0,0,0,0,0,
1972,10,0,0,0,0,0,0,0,0,0,0,0,0,0,0,0,0,0,0,0,0,0,0,0,0,0,0,0,0,0,0,0
1972,11,0,25.7,0,0,0,0,0,0,0,0,0,0,0,0,0,0,0,0,0,0,0,0,0,0,0,0,0,0,0,0,
1972,12,0,0,0,0,0,0,0,0,0,10.2,0,0,0,0,0,0,30,0,0,18,20,0,0,14,0,0,14.8,0,19.6,0,0
1973,1,0,5.2,31.2,0,0,15.3,19.2,0,11.3,0,48.3,53.2,0,2,0,0,5,0,0,13.2,0,0,0,65.3,0,0,0,30.2,0,0,0
1973,2,0,0,0,0,35.2,0,0,0,0,38,0,0,76.3,4.2,0,0,25.2,0,5.2,20.5,0,0,22.3,35,0,55.2,0,0,,,
1973,3,0,0,0,53.4,85.2,15.2,0,44.8,16.6,18.4,0,0,0,0,0,0,0,0,25.4,7.4,23.6,19.6,52.6,35.9,0,5.2,0,0,0,0,0
1973,4,0,25.2,0,65.8,0,0,25.4,0,0,0,0,0,0,0,0,35.6,0,18.4,22.2,16,28.2,0,68.8,0,0,0,35.4,0,0,0,
1973,5,0,85.1,52.4,0,23.6,0,0,0,34.2,0,0,0,0,0,0,21.2,0,0,0,0,0,0,0,38.2,43,22.2,0,45.4,0,0,0
1973,6,0,0,0,21.2,0,13.4,0,0,0,5.6,0,0,0,0,0,0,16.6,0,0,0,0,0,0,0,0,0,0,0,0,0,
1973,7,0,0,0,12.6,0,0,0,9.1,0,0,0,0,22.5,6.1,27.4,15.8,0,6,19.3,0,20.2,8.6,50.4,0,0,0,0,0,0,0,0
1973,8,0,0,0,0,0,0,0,0,18.7,0,0,0,0,35.2,0,0,0,0,6.1,0,0,0,21.3,0,0,0,0,0,0,0,0
1973,9,0,0,0,0,0,0,0,0,0,0,20,0,0,0,0,14.4,0,0,0,0,0,0,0,0,0,0,0,0,0,0,
1973,10,0,0,0,0,0,0,0,0,0,0,0,0,0,0,4,0,0,0,0,0,0,12.2,0,0,0,0,0,0,0,0,0
1973,11,0,0,0,0,0,0,0,5,0,0,0,0,0,0,0,0,0,18.4,0,0,0,0,2,0,0,0,0,4,28.3,40.2,
1973,12,35.4,2,0,0,7.2,0,0,0,0,4.2,0,4.2,0,6,0,0,20.2,5.4,4.2,0,0,0,25.4,13.6,10.2,3.2,0,18.4,25.2,0,0
1974,1,0,0,0,0,23.2,0,0,0,7.4,0,0,0,0,27.4,26.6,0,0,25.6,48.6,25,16.6,0,30.2,0,25.4,0,35.2,10.4,0,9.2,31.4
1974,2,0,0.6,24.2,0,25.4,35.2,25.8,38.6,0,0,0,0,0,18.2,0,25.3,0,28.2,47.6,0,0,0,16.4,0,25,23.6,64.4,13.4,,,
1974,3,48.2,0,35.4,24.6,0,38.6,0,0,18.2,22.6,0,12.2,0,25.6,25,6.4,33.2,25.4,0,30.6,18.2,22.6,0,4.2,0,0,0,23.4,0,52.2,0
1974,4,0,0,0,38,36,21.4,0,84,0,0,6.4,0,17.2,32.4,0,43.8,0,4.2,10.2,0,12.2,22.4,9.8,0,25,13.8,0,34.6,0,4.8,
1974,5,38.4,27.4,12.2,35.6,19.4,12.2,0,25.6,0,0,52.4,0,0,18.2,0,0,12.4,0,23.4,0,0,0,22.4,28.8,0,25.6,0,0,0,12.4,0
1974,6,25.4,0,8.6,0,0,0,0,0,10.2,0,0,0,0,0,0,0,0,0,8.4,0,0,0,0,0,0,4.6,0,0,0,0,
1974,7,0,0,0,0,0,0,0,0,0,0,0,0,0,0,0,0,0,0,0,0,0,0,0,0,0,0,0,0,0,0,0
1974,8,0,0,0,0,0,0,0,0,0,0,0,0,0,0,0,0,0,0,0,6.4,0,0.6,0,0,0,0,0,0,0,0,0
1974,9,0,0,13.2,0,0,0,0,0,0,0,0,0,0,0,0,0,0,0,0,0,0,0,0,0,0,0,0,0,0,0,
1974,10,0,0,0,0,0,0,0,0,0,0,0,0,0,0,0,0,0,0,0,0,0,4,8.8,0,0,0,0,0,0,0,0
1974,11,0,0,0,0,0,0,0,0,0,0,0,0,0,0,0,0,0,0,0,0,0,0,0,0,0,0,0,0,0,0,
1974,12,0,5.2,18.4,4.1,0,0,0,0,0,0,0,0,10.4,4.5,0,0,0,0,0,0,0,0,0,46.4,0,0.8,0,19.6,33.6,0,2.4
1975,1,0,34.4,0,0,8.6,0,0,0,0,0,0,0,0,0,0,0,0,10.6,0.6,0,54.4,0,0,0,0,0,43.6,0,64.2,0,16.4
1975,2,28.4,0,26.8,25.4,0,0,27.8,0,8.4,0.5,10.2,0,8.4,15.8,0,18.2,14.8,13.4,0,0,0,18.4,0,0,0.4,0,0,2.9,,,
1975,3,43,11.8,3.2,0,24.6,8.2,4.8,27.8,34,18,0,0,0,24,0,10,0,7,0,15,0,12,22,9,0,0,0,0,0,6,0
1975,4,23.4,4.2,0,6.4,2.8,6.2,18.6,8.2,0,58.4,12.6,0,14.2,18.4,0,11.4,0,22.6,0,0,6.2,0,19.8,10.2,26.3,3.2,28.6,0,3.2,0,
1975,5,0,0,3.2,0,28.4,24.8,0,0,0,0,0,4.2,22.4,19.2,3.4,13.6,28.6,8.2,25.6,5.2,0,0,0,4.2,0,0,0,0,0,0,0
1975,6,0,0,0,0,0,0,0,0,0,0,0,0,0,0,0,0,0,0,0,0,0,0,0,0,0,0,0,0,0,0,
1975,7,0,0,0,0,0,0,0,0,0,0,0,0,0,0,0,0,0,0,0,0,0,0,0,0,0,0,0,0,0,0,0
1975,8,0,0,0,0,0,0,0,0,0,0,0,0,0,0,0,0,0,0,0,0,0,0,0,0,0,0,0,0,0,0,0
1975,9,0,0,0,0,0,0,0,0,0,0,0,0,0,0,0,0,0,0,0,0,0,0,0,0,0,0,0,0,0,0,
1975,10,0,0,0,0,0,0,0,0,0,0,0,0,0,0,0,0,0,0,0,0,0,0,0,0,0,0,0,0,0,0,0
1975,11,0,0,0,0,5.2,0,0,3.2,0,0,0,0,0,0,0,0,0,0,0,0,0,0,0,0,0,0,26.2,4.2,0,0,
1975,12,0,4.2,23.4,2.6,0,23.4,21.6,0,0,0,8.2,0,0,0.2,0,0,0,0,0,0,0,0,4.2,8.4,0,4.6,0,47.2,19.3,12.4,23.2
1976,1,38.1,8.2,0,10.4,0,0,0,0,8.8,0,0,0,0,0,0,18.1,0,0,0,0,31.7,0,0,0,0,0,0,0,0,25,0
1976,2,49.5,0,5,15.8,25,0,0,31,0,0,0,30,14.6,0,12.6,28,3.6,19,0,0,4.2,5.3,0,0,15.6,18.8,0,16.9,0,,
1976,3,15.1,18.8,0,17.5,0,22.8,15.6,8.7,0,0,0,0,14.8,0,0,0,0,0,0,0,0,0,0,25,0,25,15.3,0,0,38.1,13
1976,4,6.7,0,0,0,0,0,4.8,0,5.3,15.3,0,3.6,0,0,0,4.4,0,0,24.2,0,0,0,0,8.8,0,0,0,0,0,0,
1976,5,0,0,2.6,0,20.6,0,0,0,0,0,0,0,0,0,0,16.8,0,0,0,2.9,0,0,0,0,0,0,0,0,0,0,1.9
1976,6,0,0,0,0,0,0,0,0,0,17.2,0,0,0,0,0,0,0,0,0,0,0,0,0,0,0,0,0,0,0,0,
1976,7,0,0,0,0,0,0,0,0,0,0,0,0,0,0,0,0,0,0,0,0,0,0,0,0,0,0,0,0,0,0,0
1976,8,0,0,0,0,0,0,0,0,0,0,0,0,0,0,0,0,0,0,0,0,0,0,0,0,0,0,0,0,0,0,0
1976,9,0,0,0,0,0,0,0,0,8.8,0,0,0,3.6,0,7.2,0,0,0,0,0,0,0,0,0,0,4.2,0,0,0,0,
1976,10,0,0,0,0,0,0,0,18,27.6,0,0,0,0,0,0,4.2,0,0,0,0,0,3.1,0,0,0,0,0,0,0,0,0
1976,11,0,0,0,0,0,0,0,5.8,0,0,0,0,0,0,0,6.9,0,0,0,14.4,0,0,0,0,0,0,11.8,0,3,0,
1976,12,0,0,0,0,0,0,0,0,0,0,0,0,0,0,0,5.1,0,0,0,0,23.2,0,2.3,0,0,10.2,0,2.6,0,0,0
1977,1,69.8,7.9,0,0,0,27.6,0,0,15.1,17.2,0,12.9,0,0,0,7.8,0,8.7,0,12.8,0,0,0,5.2,7.3,36,8.2,4.1,0,1.9,0
1977,2,5.2,0,0,0,0,31.8,13.8,14.5,48.6,0,3.2,6.8,6.4,0,0,0,0,8.8,0,6.4,14.6,0,6.7,21.8,20.6,49,6.8,0,,,
1977,3,0,6.2,0,5.2,4.6,0,0,18.9,2.4,5.4,30.3,30.8,24.2,36.2,0,0,0,0,14.2,0,8.4,0,3.6,16.4,0,0,2.8,35.7,15.8,0,0
1977,4,35.2,0,0,0,0,0,0,18.5,53.4,0,0,0,7.2,35.6,0,0,7.2,0,0,6.2,0,0,0,0,18.2,0,0,23.7,34.1,0,
1977,5,0,0,13.5,0,15.7,4.4,22.3,16,6.3,2.4,0,0,0,0,0,0,0,0,0,0,4.8,0,0,0,0,0,0,0,0,0,0
1977,6,0,0,0,1.3,9,0,0,0,1.3,3.8,0,0,0,0,0,0,0,0,0,0,0,0,0,0,0,0,0,0,0,0,
1977,7,0,0,0,0,0,0,0,0,0,0,0,0,0,0,0,0,0,0,0,0,0,0,0,0,0,0,0,0,0,0,0
1977,8,0,0,0,0,0,0,0,0,0,0,0,0,0,0,0,0,0,0,0,0,0,0,0,0,0,0,0,0,7.8,0,0
1977,9,0,0,0,0,0,0,0,0,0,0,0,0,0,0,0,0,0,0,0,0,0,0,0,0,0,0,0,0,32.4,0,
1977,10,0,0,0,0,0,4.8,0,0,0,6.6,0,0,0,0,0,0,0,0,0,0,0,0,0,0,0,0,0,0,0,0,0
1977,11,0,0,0,0,0,0,0,0,0,0,0,0,4.6,0,0,0,0,0,0,0,0,0,0,0,0,0,0,0,4.6,0,
1977,12,0,0,0,0,0,0,0,0,0,0,0,0,0,0,0,134,5.8,0,0,0,0,0,0,0,0,32.8,0,0,0,0,0
1978,1,0,0,0,0,0,0,37.2,0,0,0,0,5.8,0,7.2,0,0,50.7,0,0,0,0,0,0,0,0,0,0,6.2,25.8,0,0
1978,2,0,0,0,0,0,14.4,0,0,40.8,0,20.6,77.8,13.5,0,49.7,0,0,0,0,0,0,0,0,0,12.6,0,7.7,2.4,,,
1978,3,3.6,9.2,30.7,58.2,5.2,4.5,0,0,0,16.8,0,18.2,0,9.9,42.8,3.2,8.4,7.9,11.4,3.2,0,0,5.8,0,0,0,0,0,0,13.1,0
1978,4,0,5.9,0,0,31.9,0,0,0,0,0,0,0,0,16.2,0,0,0,0,0,0,0,0,0,5.8,0,0,23.4,27.3,36.1,13.1,
1978,5,0,0,13.1,11.2,55.6,0,4.2,0,29.3,0,4.1,0,0,1.3,1.5,0,29.8,4.2,0,0,0,6.8,7.9,0,0,0,0,0,0,0,0
1978,6,0,0,4.9,0,0,0,0,0,0,0,0,0,0,0,0,0,0,0,0,0,0,0,0,0,0,0,0,0,0,0,
1978,7,0,0,0,0,0,0,0,0,0,0,0,3.2,0,0,8.8,0,6.4,0,0,0,37.2,8.2,0,0,0,0,0,0,0,0,0
1978,8,0,0,0,0,0,0,0,0,0,0,0,0,0,0,0,0,0,0,0,0,0,0,0,0,0,0,0,0,0,0,0
1978,9,0,0,0,0,0,0,0,0,0,0,0,0,0,0,0,0,0,0,0,0,0,0,0,0,0,0,0,0,0,0,
1978,10,0,0,0,0,0,0,0,14.2,0,0,0,0,0,0,0,0,0,0,0,0,0,0,0,20.8,0,0,0,0,2.2,0,0
1978,11,0,0,5.6,0,0,0,0,0,0,0,0,0,20.6,0,0,5.2,0,0,0,0,0,0,0,0,0,0,0,0,0,22.6,
1978,12,7.9,0,0,11.2,0,0,21.2,0,0,0,0,0,16.7,0,0,0,0,0,0,0,7.6,0,12.8,0,9.9,20.8,0,0,0,0,0
1979,1,0,0,60.2,0,0,0,0,0,0,0,0,72.8,0,8.1,28.8,53.6,22.2,18.3,89.8,0,0,0,0,55.2,19.1,10.1,7.4,0,0,24,0
1979,2,0,0,16.9,0,16.8,0,38.6,15.4,49.6,21.3,6.4,38.4,0,0,0,0,0,0,0,0,0,0,0,0,0,19.6,11.5,0,,,
1979,3,28.8,0,0,0,0,0,2.3,0,0,4.8,4.2,0,49.2,0,0,0,3.4,21.9,0,0,73.8,0,0,2.2,0,0,0,0,47.2,0,9.9
1979,4,0,3.9,0,0,3.8,0,0,0,0,36.4,0,4.8,0,0,0,0,0,0,0,0,0,0,4.2,0,122.6,0,0,13.1,4.6,0,
1979,5,27.6,19.8,8.6,1.6,3.8,5.8,0,0,0,0,0,7.8,0,0,0,0,0,0,0,0,0,0,0,0,0,0,0,0,0,0,0
1979,6,0,15.8,0,0,0,0,0,0,0,0,3.2,0,0,0,0,0,0,0,0,0,0,0,0,0,0,0,0,0,0,0,
1979,7,0,0,0,0,0,0,0,0,0,0,0,0,0,0,0,0,0,0,4.4,0,0,0,0,0,0,0,0,0,0,0,0
1979,8,0,0,0,0,0,0,0,0,0,0,0,0,0,1.8,0,0,0,0,0,0,0,0,0,6.4,9.4,0,0,5.2,0,0,10.8
1979,9,0,0,0,3.8,24.9,0,0,0,0,0,0,0,0,0,0,0,0,9.8,0,0,0,16.8,0,0,0,0,0,0,0,0,
1979,10,0,0,0,0,0,0,0,0,0,0,0,0,0,0,0,0,0,0,19.4,0,0,0,44.8,0,2.2,0,0,0,0,0,0
1979,11,0,0,0,0,0,0,0,0,0,0,0,0,5.5,0,0,0,0,0,0,0,0,0,0,0,0,0,0,6.1,0,8.8,
1979,12,0,0,0,0,0,0,0,0,0,0,0,0,7.2,0,4.2,0,12.9,3.4,5.2,0,0,0,14.2,0,0,0,0,0,13.2,0,23.6
1980,1,0,27.4,0,3.2,0,0,6.6,0,8.8,0,0,6.8,0,0,35.7,0,0,0,12.2,0,7.4,0,43.4,0,0,0,0,0,14.6,0,0
1980,2,0,4.2,2.4,15.6,0,1.8,0,0,0,15.8,17.6,0,1.6,0,91.2,0,0,5.4,0,0,17.2,58.4,4.6,0,24.8,0,6.2,4.8,30.6,,
1980,3,36.2,20.4,0,8.6,0,63.2,21.8,12.8,0,0,31.2,0,0,0,7.2,0,8.6,0,0,5.1,3.2,0,1.6,5.8,0,0,0,0,0,0,0
1980,4,0,0,3.4,33.2,0,0,0,19.6,0,0,3.8,0,9.2,27.2,9.4,0,14.1,11.4,0,0,0,0,0,0,0,0,0,0,0,0,
1980,5,10.9,0,8.8,9.2,0,0,0,0,0,0,0,0,0,0,0,19.9,0,0,0,0,0,0,0,0,0,0,4.8,0,0,0,0
1980,6,0,0,0,0,0,0,0,0,0,0,0,0,0,0,0,0,0,0,0,0,0,0,0,0,0,0,0,0,0,0,
1980,7,0,0,0,0,0,0,0,0,0,0,0,0,0,0,0,0,11.6,0,0,0,0,0,0,0,0,0,0,0,0,0,0
1980,8,0,0,0,0,0,0,0,0,0,0,0,0,0,0,0,0,0,0,0,0,0,0,0,0,0,0,0,0,0,0,0
1980,9,0,0,0,0,0,0,0,0,0,0,0,0,0,0,0,0,0,8.2,6.8,0,0,0,0,0,0,0,0,0,0,0,
1980,10,0,20.2,0,0,0,0,0,0,0,0,0,0,0,0,0,28.8,1.4,0,0,0,0,0,0,0,0,0,0,0,0,0,0
1980,11,0,0,0,0,0,0,67.2,0,0,0,55.2,0,0,9.6,0,17.2,0,0,7,0,0,0,0,0,0,0,0,0,0,0,
1980,12,0,0,0,0,0,0,0,0,0,0,0,6.8,0,0,0,0,0,0,0,18.2,0,0,0,0,0,0,0,10.2,0,0,15.8
1981,1,0,0,0,5.2,7.6,0,16.4,8.4,0,0,0,0,0,0,0,0,1.6,0,0,0,0,0,0,0,10.6,5.2,0,0,36.8,0,12.2
1981,2,0,0,0,0,19.2,24.6,7.8,0,0,0,0,0,0,0,0,0,0,0,0,0,0,14.6,0,0,0,0,0,0,,,
1981,3,0,0,0,0,0,0,0,0,0,0,0,0,0,17.2,35.2,0,0,0,17.2,0,52.6,0,0,0,139.8,0,0,8.6,0,48.8,0
1981,4,27.4,0,0,27.2,0,0,1.6,0,0,0,0,0,0,0,27.6,0,0,0,0,0,0,0,0,0,0,0,0,0,0,0,
1981,5,0,0,0,0,0,0,0,0,0,0,0,0,0,0,0,0,0,0,0,0,0,0,0,0,0,0,0,0,0,0,0
1981,6,0,0,0,0,0,10.2,0,0,0,0,0,0,0,0,0,0,0,0,0,0,0,0,0,0,0,0,0,0,0,0,
1981,7,0,0,0,0,0,0,0,0,0,0,0,0,0,0,0,0,0,0,0,0,0,0,0,0,0,0,0,0,0,0,0
1981,8,0,0,0,0,0,0,0,0,0,0,0,0,0,0,0,0,0,0,0,0,2.6,0,0,0,0,0,0,0,0,0,0
1981,9,0,0,0,0,0,0,1.8,0,0,0,0,0,0,0,0,0,0,0,0,0,0,0,0,0,0,0,0,0,0,0,
1981,10,0,0,0,1.2,0,0,0,0,0,0,0,0,0,0,0,0,15.8,0,0,23.4,0,0,0,0,0,0,0,0,0,0.2,0
1981,11,0,0,0,0,0,4.4,0,0,0.5,0,1.8,0,0,2.5,0,0,65.4,0,0,0,0,0,0,0,0,0,0,0,0,0,
1981,12,0,0,0,15.3,1.9,0,0,0,0,0,0,0,0,0,0,0,0,0,0,0,0,0,0.2,0.2,0,0,0,0,0,0,0
1982,1,0,0,0,0,0,0,0,0,0,0,0,0,0,0,0,38,0,9,0,0,0,52.4,13.8,9.1,72.8,2.2,0,0,0,0,16.6
1982,2,0,29.4,13.4,0,39,0,0,0,0,0,0,0,0,0,23.2,9.6,8,19.8,0,0,0,0,3.6,0,0,31.8,94.4,10.8,,,
1982,3,0,0,33.2,15.4,0,0,27.6,15.4,0,0,0,7.8,0,0,5,8.8,14.8,0,0,0,0,8,0,2.4,0,22.8,24.6,1.3,0,39.4,3.4
1982,4,0,3.7,5,9.8,2.6,2,0,0,7,0,0,1.4,1.7,0,0,1.5,0,0.7,7.8,16,0,0,0,8.6,0,13.6,4.8,0,0,0,
1982,5,0,0,0,11.8,31.2,8.2,0,0,0,11.6,0,0,0,0,0,0,0,0,0,0,0,0,0,0,0,0,0,0,0,0,0
1982,6,0,0,0,0,0,0.7,0,0,0,0,0,0,0,0,0,0,0,0,0,0,0,0,0,0,0,3.3,0,0,0,0,
1982,7,0,0,0,0,0,0,0,0,0,0,0,0,0,0,0,0,0,0,0,0,0,0,0,0,0,0,0,0,0,0,0
1982,8,0,0,0,0,0,0,0,0,0,0,0,0,0,0,0,0,0,0,0,0,0,0,0,0,0,0,0,0,0,0,0
1982,9,0,0,0,0,0,0,0,0,0,0,0,0,0,0,0,6.8,0,0,0,0,0,9.6,0,0,0,0,0,0,0,0,
1982,10,5.4,0,0,0,0,0,0,0,0,0,0,0,0,0,0,15.6,0,1.2,0,0,0,0,0,0,0,0,0,0,4,0,0
1982,11,0,0,0,0,0,0,3.6,0,2.2,0,0,0,0,0,0,0,0,0,0,0,0,0,0,0,0,0,0,0,0,0,
1982,12,0,0,0,0,0,0,0,0,0,0,0,0,0,0,0,0,0,0,0,0,0,0,0,0,0,1.2,18.4,9.8,0,18.1,0
1983,1,0,0,0,0,0,0,0,0,0,0,0,0,0,0,0,13.6,0,0,0,0,0,0,5.6,0,0,0,11,0,19,0,0
1983,2,3.8,44.4,8.6,21.8,16.6,0,61,4,0,0,0,0,0,3.2,0,3.2,0,4.8,0,3.4,5.2,0,0,0,0,1.2,0,0,,,
1983,3,0,0,0,0,0,2.2,0,3.2,0,0,4,1,2,0,0,21,0,0,10.4,0,40.4,81,14.6,0,20,5.2,1,80,0,25,10.8
1983,4,14.4,9.8,0,0,24,0,0,18,33.4,16.2,0,0,0,3.4,0,0,0,0,0,0,0,7.4,0,0,13.6,0,0,0,0,0,
1983,5,0,0,0,9.6,9.6,0,0,8.8,0,0,0,0,0,0,0,4,0,0,0,0,4.8,0,0,0,0,0,0,0,0,0,0
1983,6,2.6,0,0,78.4,2.4,0,0,0,0,0,0,0,0,0,0,0,0,0,0,0,0,0,0,0,0,0,0,0,0,0,
1983,7,0,0,0,0,0,0,0,0,0,0,8.4,0,0,0,0,0,0,0,0,0,0,0,0,0,0,0,0,0,0,0,0
1983,8,0,0,0,0,0,9.8,0,0,0,0,0,0,0,0,0,0,0,0,0,0,0,0,0,0,0,0,0,0,0,0,0
1983,9,0,0,0,0,0,0,0,0,0,0,0,0,0,0,0,0,0,0,0,0,0,0,0,0,0,0,0,0,0,0,
1983,10,20,0,0,9.6,0,0,0,0,0,0,1,0,0,0,0,0,0,0,0,0,0,0,0,0,0,0,0,0,0,0,0
1983,11,0,0,0,0,2.2,0,0,0,0,0,0,0,0,0,0,0,0,2.6,10.6,0,0,0,0,0,0,0,0,0,0,0,
1983,12,0,0,0,0,0,0,0,0,0,0,0,0,0,0,0,0,0,5.4,0,7.2,0,6.8,3.4,0,3,2.8,0,2.6,0,0,0
1984,1,0,0,0,8.6,0,0,0,4.6,28.8,5.4,0,22.6,1,0,50,9.8,25,0,0,0,0,6.4,0,0,34.6,0,0,10,1.6,5.8,1.6
1984,2,0,0,0,0,24.6,25,0,0,2.4,1,0,0.6,8.6,9.4,4.8,35.6,0,0,1.2,1.8,9,3,0,10.4,8.4,0,13.2,3.8,0,,
1984,3,11.2,12.6,33,2,0,15.2,37.8,44.4,38.8,0,2.8,0,0,35,2.4,2,34.4,17.2,5.6,0,13.8,11.8,0,6.4,0,19.2,31.6,12.6,0,45.2,1.8
1984,4,0,22.6,89.6,16.6,0,34.2,2.8,18.4,11,4.8,3,0,2.8,34.4,31.8,17.8,6.4,37.2,20.6,42.4,5.2,0,4.6,0,13.6,21.8,0,10.8,0,39.6,
1984,5,0,0,4.6,18.6,0,0,0,0,10.6,0,0,0,0,0,0,5,0,0,0,0,10,32.4,14.8,0,0,0,0,0,0,0,0
1984,6,0,0,0,0,0,0,0,0,0,0,0,0,0,0,0,0,0,0,0,0,0,0,0,0,0,0,0,0,0,0,
1984,7,0,0,0,0,0,0,0,0,0,0,0,0,0,0,0,0,0,0,0,0,0,0,0,0,0,0,0,0,0,0,0
1984,8,0,0,0,0,0,0,0,0,0,0,0,0,0,0,0.8,0,0,0,0,0,0,0,0,0,0,0,0,15.2,6.4,0,0.8
1984,9,0,9.2,0,0,4.2,0,0,0,0,0,0,31,9.6,0,0,0,0,0,0,0,0,0,6.2,0,0,15.8,0,0,0,0,
1984,10,0,0,0,0,0,0,0,0,0,0,0,0,0,4.2,0,0,0,0,0,0,0,0,0,0,0,0,0,0,0,3.8,8
1984,11,0,0,0,0,0,19.6,4.6,0,0,0,0,0,0,0,0,0,0,0,0,0,0,0,0,0,0,0,0,0,0,0,
1984,12,0,0.2,0,0,0,1.8,0,1,0,1.4,6.6,0,0,0,0,0,0,0,0,0,5.9,0,0,0,8.4,1.6,0,0.6,0,0,18.4
1985,1,0,0,0,14.2,0,29,11.8,13.2,2.6,2,17.6,29.8,0,0,5.2,0,0,14.4,0,6.4,0,0,50,0,0,0,0,0,28.6,2.4,6.4
1985,2,70,0,98.4,0,56,10,6.5,0,0,4.4,0,7.6,36.6,9,8.2,5.4,20,5,0,10.2,3.2,33.2,17,52,43,2,0,0,,,
1985,3,0,0,7,0,19.2,8.6,12.4,0,7.6,3.8,0,18,24,0,0,1.4,8.6,8.8,0,25.5,0,0,14.4,15,1,0,0,7,8.2,16.6,0
1985,4,0,15,35,0,17.4,12.2,8.4,11.2,7.2,10,13.2,10.2,0,6.4,16.2,44,17.2,4.6,0,0,13.4,0,3.4,0,11.2,15.4,18.6,19,4,0,
1985,5,0,50,20.4,0,0,7.4,0,0,0,70.2,2,0,0,0,5.8,8.8,0,0,0,0,0,32.2,6.6,3.2,20,0,0,0,0,0,0
1985,6,0,0,0,0,23,0,0,0,16.2,4.2,0,20.2,0,0,0,0,0,0,0,0,0,0,0,0,0,0,0,0,0,0,
1985,7,0,0,0,15.2,1.2,0,0,0,0,0,0,0,0,0,0,0,0,0,0,0,0,0,0,0,0,0,0,0,0,0,0
1985,8,0,0,0,0,0,0,0,0,0,0,0,0,0,0,0,0,0,0,0,0,0,0,0,0,0,4.4,0,0,0,0,0
1985,9,0,0,0,1,0,0,0,0,0,0,0,0,0,0,0,0,0,0,0,0,0,0,0,0,0,10,0,0,0,0,
1985,10,0,0,0,0,0,0,0,0,0,0,14,0,0,0,0,0,0,2.6,0,0,0,0,0,0,0,0,0,4,0,11,0
1985,11,2.8,0,0,6,0,2.4,0,0,60,5.2,6.6,0,0,0,0,0,0,0,0,0,25,0,4.8,3.8,0,0,0,1.4,8,0,
1985,12,0,0,0,0,0,7.2,0,2,8,3.5,27.2,0,24.6,0,0,0,0,0,3,0,0,0,0,24.6,0,0,72.6,11,0,0,24.6
1986,1,2.8,0,0,5.8,0,0,2,0,0,0,5.4,0,0,0,0,5.6,17.8,1,0,1.8,5.6,34.8,16.6,9.8,0,0,0,0,0,69.4,2.2
1986,2,0,17,12.2,90.8,0,79.8,6.2,0,3,2.2,0,12.8,17,0,77,12.2,4.6,3.4,8.2,0,11.8,40.6,7.8,0,1.4,0,11,20,,,
1986,3,0,0,0,21.6,22.6,8.6,21.4,0,55.6,3.2,0,25.6,16,1.2,9.6,1,34,0,10.4,6.8,6.8,7.6,13.8,0.8,0,30.6,2.8,0,19.8,26.8,25.2
1986,4,23.8,28,15.2,0,0,0,0,0,12,15.8,1.4,0,0,5.8,21.8,0,3.6,30.2,0,0,3,0,0,20,3.8,4.2,2.2,2.8,1.2,32.4,
1986,5,38,0,24.4,7.2,5.2,0,0,0,1.2,0,0,0,0,0,7.6,0,0,0,0,2.4,0,0,0,0,0,0,3.8,0,0,0,0
1986,6,0,0,2.8,6.4,5.8,0,0,0,0,0,0,0,0,0,0,0,0,0,0,0,0,0,0,0,0,0,0,0,0,0.1,
1986,7,0,0,0,0,1.2,0,0,13.8,0,0,0,0,0,0,0,0,0,0,0,0,0,0,0,0,1,0,0,0,0,2.7,0
1986,8,0,0,0,0,0,0,0,0.1,0,0,0,0,0,0,0,0,0,0,0,0,0,0,0,0,0,0,0,0,0,0,0
1986,9,0,1.6,0,0,0,0,0,0,0,0,0,0,0,0,0,0,0,0,0,0,0,0,0,0,0,1.6,0,0,0.2,0,
1986,10,8.6,0,5,0,0,0,2,11,1.6,0,6,30,0,52,0,0,0,0,0,0,0,0,16.2,9.8,0,6.4,12.2,0,10.6,0,0
1986,11,0,0,0,0,0,0,0,0,0.4,0,1.6,0,0,0,0,0,0,0,0,0,1.2,0,0,0,0.8,0,0.8,14.8,0,0,
1986,12,1.4,22,7.8,0.6,0,0,0,0,0,0.8,0,0,0,0,0,0,0,0,0,0,0,0,0.6,0,36.6,10.2,0,0,0,0,0
1987,1,2,0,8.6,0.8,0,0,29.6,69.6,0,0.2,0,0,7.2,8.8,0,0,0,5.8,11,35.2,23.2,4.2,0,0,0,0,0,0,0,4,0
1987,2,0,0,0,0,0,0,0,0,0,20.2,8.6,16.8,36.8,2.2,7,3,8.6,4.8,0,0.8,0.6,0,0,1,0,0,0,0,,,
1987,3,0,0.1,0,22.6,0,0.8,6,2.6,63,1.6,0,6.2,47,5.4,27.4,6.4,1.6,0,10.8,0,6.2,0.2,0,28,0.8,0,0,12.2,4.4,8.2,0.3
1987,4,38,0,0,0,0,10,2.8,0,43.6,2,0.6,0,7.4,0,0,0.2,0,0.2,0,0,0,0,0,0,0,0,0,0,0,0,
1987,5,0,0,24.8,7,12.8,3.8,0,0,0,0,0,0,0,0,0,0,0,1,3.6,0,0,0.4,0,0,0,0,0,0,0,0,0
1987,6,0,1,0,0,0,0,0,14.6,13.2,0,7.2,0,0.6,1.2,0,0,0,0,0,0,0,1,0,0,0,0,0,0,0,0,
1987,7,0,0,0,0,0,0,0,0,0,0,0,0,0,0,0,0,0,0,0,0,0,0,0,0,0,0,0,0,0,0,0
1987,8,0,0,0,0,6.7,0,0,0,0,0,0,0,0,0,0,0,0,0,0,0,0,0,0,0,0,0,0,0,0,0,0
1987,9,0,0,0,0,0,0,0,0,0,0,0,0,0,0,0,0,0,0,0,3.6,0,0,0,0,0,0,11.8,1,0,0,
1987,10,0,0,0.8,1,0,0,0,0,0.6,0,0,0,0,0,0,0,0,0,0,0,0,0,0,0,0,0,0,0,0,0,0
1987,11,0,0,0,0,0,0,0,0,0,0,0,0,11.4,0,0,0,0,0,0,0,1.2,0,0,0,0,0,0,0,0,52.6,
1987,12,0,0,0,0,0,0,0,0,0,0,0,0,0,0,0,24.2,2.8,0,0,0,4.8,0.2,0.5,1.8,0,0,1,0,0,0,0
1988,1,0,0,97.4,0,0,0,4,0.2,0,0,10,8.9,29,0,0,0,0,37.4,0,6.6,4.8,0,34.8,4.2,9.6,2.8,0.2,0.4,10,0,0
1988,2,0,0,0,1,0,0,12.6,0.6,0,0,0,4.7,76,23.8,2.4,1.6,4,0,0.8,0.6,0,0,0,0,0,2.4,9,5,3.6,,
1988,3,2.4,0,2.6,0.8,2.2,7.4,0,0.6,0,5.2,6.2,13.4,0.2,5.4,4.2,37.2,13,0,54,15,0,12.6,28.8,12,64,1.6,10.4,3.4,0,4,5.4
1988,4,6.2,13.2,6.6,1.8,10,0,2.2,8.6,21.8,5.8,15.2,14.2,25,24.8,17.4,13,8.4,4.8,17.8,13.6,4.4,0,7.8,4.6,0,0.1,9.4,9,2,4.2,
1988,5,4.4,0.2,0,0,0,4,0,0,0,0,0,0,0,0,0,44,4.2,0,0,0,0,0,0,0,0,0,0,0,0,0,0
1988,6,0,0,0,1.4,0,0,0,0,0,0,0,0,0,0,0,0,0,0,0,0,0,0,0,11.4,0,2.4,12.8,0,0,0,
1988,7,0,0,0,0,0,0,0,0,0,0,0,0,0,0,0,0,0,0,0,0,0,0,0,0,0,0,0,0,0,0,0
1988,8,0,0,0,0,0,0,0,0,0,0,0,3.8,0,0,0,0,0,0,0,0,0,0,0,0,0,0,0,0,0,0,0
1988,9,0,0,1,0,0,0,0,0,0,0,0,0,0,0,0,0,0,0,0,0,0,0,0,0,0,0,0,0,0,0,
1988,10,0,1.8,0,0,0,0,0,0,0,0,0,0,0,0,0,4.1,2.2,14.4,0,0,0,0,0,0,0,0,0,0,0,0,0
1988,11,0,0,0,1.2,0,0,0,0,0,0,0,0,0,0.8,0.8,0,0,25,0,0.2,5.2,1,0,0,0,0,0,0,0,2.6,
1988,12,5.2,5.6,0,0,0,0,0,106.2,50.1,0,0,0,0,0,1.6,4.6,14.4,20.4,1.2,0,0,1.1,0,3.2,4.1,0,0,0,0,25.9,0
1989,1,0,1.2,0,0,0,1.2,0,0,7,15.8,0,0,0,3.2,0,23.2,21.2,0,0,12.2,0.8,2,0,0,2,1,3.2,11.4,0,6,0
1989,2,1.2,1.8,2.4,7.2,0,0,0,0,5.6,10.2,0,4.3,0,0,25.8,0,0,0,0,0,0,7.2,1.4,0,0.2,6,1.2,2.4,,,
1989,3,0,2.2,0,21,1,2.4,15.8,5.2,2,0.2,0,16.2,1.2,0,0,0,12.6,5,35.8,0,1,3.1,10,0,22.4,0,16,25.6,10.8,8.6,19
1989,4,0,6.2,0,14.2,51.6,38.4,9,51,5.2,21.2,24.2,14.8,0,9.6,0,25.4,8.4,19.2,0,0,0,14.8,5.2,9.8,42.8,11.2,35.2,9.4,29.2,19.2,
1989,5,0,0,0.1,1.2,4.4,5.8,0,4.6,5.4,0,0,2.8,0,0,0,4.8,0,0,0,0,1,0,0,0,0,0,0,0,15.2,5.8,1
1989,6,0,0,0,0,0,0,0,0,0,0,0,0,0,4.2,0,0,0,0,14.6,18,0,0,0,0,0,0,0,0,1.4,0,
1989,7,0,0,0,0,0,0,0,0,0,0,0,0,0,0,0,0,0,0,0,0,0,0,0,0,0,0,0,0,0,0,0
1989,8,0,0,0,0,0,0,0,0,0,0,0,0,0,0,0,0,0,0,0,0,0,0,0,0,0,0,0,0,0,0,0
1989,9,0,0,0,0,0,0,0,0,0,0,0,0,0,0,0,2.2,0,0,0,0,0,0.6,0,0,0,1,0,1.2,0,0,
1989,10,0,0,0,0,0,0,0,0,0,0,0.4,0,0,0,0,7.8,0.2,0,0,0,54.6,3.6,0,0,0,0,0,0,0,0,17.2
1989,11,18.4,1.4,0,0,0,40,0,19.4,1.8,0,0.6,0,1.8,5.6,0,2.2,0,1.8,0.6,0,0,0,0,0,0,0,0,0,0,0,
1989,12,0,0,0,0,0,0,0,0,0,0,0,0,0,8.4,21.8,6.8,4,0,17.8,0,43.6,5.6,17,0,0,0,29.4,10.5,0,0,21.8
1990,1,0,0,0,9.8,18.2,0,0,0,0,8.6,0,0,0,0,0,0,0,0,0,0,0,0,0,0,7.8,0.7,0,0,0,3.1,5.4
1990,2,0,0,0,0,0,0,0,7.4,14,15.8,0,0,0,0,0,0,11.8,0,1,0.6,0,2.6,0,18.2,29,8.4,0,10.8,,,
1990,3,0,12,3,0,8,14,6,0,0,0,0,0,0,0,0,0,0,0,0,5.6,0,46,0,0,90.8,0.9,0,4.6,31,0,0
1990,4,0,9,13.6,50,26.6,0,0,0,38.6,3.4,7.1,0,0,6.3,1.4,0,8,0,1.4,0,0,0,0,0,18.8,0,0,0,0,4,
1990,5,0,5.8,9.8,0,0,0,0,0,0,0,0,0,0,0,0,7,0,4,0,0,0,20.4,0,0,0,0,4,0,0,0,0
1990,6,0,0,0,0,2.1,0,0,0,0,0,0,0,0,0,0,0,0,0,0,0,0,0,0,0,0,1.2,0,0,0,0,
1990,7,0,0,6,1,0,0,1,0,4,1,0,0,0,0,0,0,0,0,0,0,0,0,2,7.5,0,0,0,0,0,0,0
1990,8,0,0,0,0,0,0,0,0,0,0,0,0,0,0,0,0,0,0,0,0,0,0,0,0,0,0,0,0,0,0,0
1990,9,0,0,0,0,0,0,0,0,0,0,0,11.5,0,0,0,0,0,0,0,0,0,0,0,0,3.6,1.5,0,0,0,0,
1990,10,0,0,0,0,0,0,0,0,0,0,0,0,0,0,10.6,0,0,0,0,0,0,0,0,0,0,0,0,5.9,0,0,0
1990,11,0,0,0,0,0,0,0,0,0,0,3.3,0,0,0,0,0,0,12,1,5,0,0,3.3,0,0,0,0,15.8,0.3,0,
1990,12,0,0,0,0,6.1,0.6,2.6,0,0,9.6,6.2,0,0,2.1,0,0,0,0,0,0,0,0,0.7,0,0,0,0,0,0,0,7.5
1991,1,0.3,0,14.7,0,0,0,3.4,4.6,43.8,0,0,0,0,49.2,7.3,0,0,12.3,1.4,0,5.4,0,8.2,8.2,0,0,0,0,86.8,0,0
1991,2,0,0,18.4,0,0,0,14.7,0,23.8,0,0,0,0,0,0,0,0,0,0,5.2,7,0,12.8,3,0,21,0,15.5,,,
1991,3,0,0,8,8.2,21.7,0,14.2,1.8,11,5.2,4.5,0.4,0,13.9,5.1,0,21,26,1.8,6,0.4,0,3.3,0,0,23.4,5.2,43,1.3,0,0
1991,4,12.2,2.7,14.7,0,0,0,0,0,0,0,0,0,0,0,0,0,10.2,0,0,0,12.6,0,0,0,0,36,0,16,0,0,
1991,5,0,3,5.8,0,0,2.4,0,0,2.4,0,0,3.2,0,0,5.4,0,0,0,0,1.4,0,0,0,9.5,14.2,0,0,0,0,0,0
1991,6,0,0,0,0,0,0,0,5.1,0,0,0,0,0,0,0,0,0,0,0,0,0,0,7.2,0,0,0,0,0,0,0,
1991,7,0,0,0,0,0,2.3,8.1,0,0,1.6,0,0,0,0.8,0,0,0,0,0,0,0,0,0,0,0,0,0,0,0,0,0
1991,8,0,0,0,0,0,0,0,0,0,0,0,0,0,0,0,0,0,0,0,0,0,0,0,0,0,0,0,0,0,0,0
1991,9,0,0,0,0,0,0,0,0,0,0,0,0,0,0,0,0,0,0,0,0,0,0,0,0,0,0,0,0,0,0,
1991,10,0,0,0,0,0,0,0,0,0,0,0,0,0,0,0,0,0,0,0,0,0,0,0,0,0,0,0,0,0,0,0
1991,11,0,0,43.8,0,0,0,0,0,0,0,0,8.7,0,0,0,0,0,0,0,0,40,0,0,0,0,0,0,0,0,25,
1991,12,0,0,0,0,0,0,0,0,0,0,0,0,0,0,0,0,0,0,0,0,1.1,0.5,0,0,0,0,0,9.9,8.1,1.3,0
1992,1,0,0,0,0,0,0,0,70,0,1.4,1.7,0,0,0,0,10,0,41.2,0,0,4.9,6,2.2,55.6,17.7,1.7,1.3,14.8,0,1.2,27.2
1992,2,0,12.6,6.7,1.3,0,0,0,19,0,11.4,3.4,16,0.5,1,0,3.5,3.3,3.8,19.3,13.3,0.2,13.8,15,1.9,0,0,19.6,0,0,,
1992,3,0,0,0,2.3,2.3,0,0,0,9.5,24.1,0,4,0,37.7,0.4,0,9.6,20.7,1.2,3.9,0,22.2,16.5,37.9,3.2,76.2,1.9,46.1,34.1,1.6,0
1992,4,7.6,21.5,24.9,0,6.5,6.8,27.8,0,0.6,0.2,0,0,0,0,16.5,35.4,0,14.1,0,0,0,2.2,0,0,0,0,0,0,0,6.5,
1992,5,0,0,0,0,0,0,17.1,0,0,0,3.3,0,0,0,0,0,0,0,0,0,0,0,0,0,0,0,0,0,0,0,0
1992,6,0,0.6,0,0,0,3.7,0,0,0,0,0,0,0,1.7,0,0,0,0,0,0,0,0,0,0,0,0,0,0,6.5,0.1,
1992,7,0,0,0,3.4,0,0,0,0,0,0,0,0,0,0,0,0,0,0,0,0,0,0,0,0,0,0,0,0,0,0,0
1992,8,0,0,0,0,0,0,0,0,0,0,0,0,0,0,0,0,0,0,0,0,0,0,0,0,0,0,0,0,0,0,0
1992,9,0,0,0,0,0,0,0,0,0,0,7.4,0,0,0,0,0,0,0,0,0,0,0,0,0,0,0,0,0,0,0,
1992,10,0,0,0,0,0,0,0,0,0,0,0,0,0,0,0,0,0,0,0,0,0,0,0,0,0,0,0,0,0,0,0
1992,11,0,0,0,0,0,0,1.9,104.7,1.9,0,0,0,0,0,0,0,0,0,0,2.6,0,0,1.7,0.3,0.1,0,0,0,0,0,
1992,12,5.6,0,0,0,0,0,0,0,1.7,1.2,1.6,0,0,0,8.5,0.8,0,4.6,0,0,0,0,0,0,0,12.9,0,0,0,13.4,1.3
1993,1,0,0,0,1,6,0,0,0,5.8,0,0,0,14,4.9,0,0,64.7,14.5,0.6,0,3.6,0,0,0,2.3,0,0,0,0,0.2,2
1993,2,4,0,0,0.4,0,0,0,8.9,0,3.4,0,1.2,0,0,6.3,9.7,35.8,8.3,0,1.3,0,0,0.7,33.6,0,0.5,1.5,2.8,,,
1993,3,0,6.1,2.1,0.5,25.3,1.1,1,6.3,0,0,0,2.8,0.6,6,0,2.5,54.3,5.5,5.1,7.7,4.5,12,3.1,0.4,3.1,0.5,0.5,27.7,0.9,12.3,13.3
1993,4,0,0,0,0,2.1,0.4,0,0.5,2.3,0,6.8,0,0,0,0,0,4.8,0,9.5,0,0,0.2,4.3,4.1,0.4,0,10.4,0,35.5,0.5,
1993,5,0,0,5.8,0,0,14.2,0,0,0,0,0,0,0,0,0.2,0,0,0,0,0,0,4.5,24.9,0,0,0,0,0,0,0,0
1993,6,0,0,0,0,0,0,0,0,0,0,15,0.6,0,0,0,0,0,0,0,0,0,0,0,0,0,0,0,0,0,0,
1993,7,0,0,0,0,0,0,0,0,0,0,0,0,0,0,0,0,0,0,0,0,0,0,0,0,0,0,0,0,0,0,0
1993,8,0,12,0,0,0,0,0,0,0,0,2.7,0,0,0,0,0,0,0,0,0,2.5,0,0,0,0,0,0,0,0,0,0
1993,9,0,0,21.3,0,0,0,0,0,0,0,0,0,0,0,0,0,0,0,0,0,0,0.9,0,0,0,0,0,0,0,0,
1993,10,0,0,0,0,0,0,0,0,22,6.4,0,0,0.2,0,0,0,0,0,6.2,0,0,2,0,0,0,0,0,0,6.9,0,0
1993,11,0,4.9,0,0,0,15.2,0,0,0,0,0,0,16.6,0.8,0,0,0,0,0,0,0,0,0.6,0,0,0,0,0,0,0,
1993,12,0,0,0,16.3,2.5,0,0,0,0,0,0,0,0,1.6,17.3,0,0,1.5,0,0,5.8,24.3,2.9,0,28.8,9.8,2.2,10.9,1.3,0,0
1994,1,4.4,0,1,2.4,22.8,26.2,2.2,0,0,33.2,4.7,1.8,17.7,6.3,45.2,1.6,1.2,1.4,15.3,3.4,5.3,3.9,22.2,1.4,0,0,0.4,0,9,12.2,0.5
1994,2,1.7,0,4.6,4.1,27.5,37.1,4.2,1.4,0.9,47.6,3.2,4.1,0,0,0.6,32.8,0,12.9,4.5,4.3,0.4,1.3,0,7,0,0,4,44.1,,,
1994,3,40.6,101.7,0.8,23.4,14,73.7,8.7,0,4.6,0,34.6,0.5,3.8,27.1,23.7,35.5,21.5,0,0,26.6,29,9,0,0,27.6,30.9,27.7,12.1,13.3,2.5,20.6
1994,4,38.1,0,14.9,3.8,0,2,16.9,22.3,0,3,1.7,0,0,0,0,0,8.4,19.5,24.6,1.1,8.3,0,4,0,0,0.4,0,4.8,0,0,
1994,5,19.3,0,26,0,0,0,0,0,0,7.6,4.8,0.2,0,0,0,37.5,0,0,0,0,0,0,0,1.2,0,0,2.2,0,17.3,2.3,0
1994,6,0,0,1.1,1.2,6.5,0,0,0,0,0,0,0,0,0,0,0,0,0,0,29,6.3,0,0,0,2.5,0,13.5,0,0,0,
1994,7,0,0,0,0,0,0,0,0,0,5.2,2.4,4.6,0,0,0,0,0,0,0,0,0,0,0,0,0,2.3,0,0,0,0,0
1994,8,0,0,0,0,0,0,0,0,0,0,0,0,0,0,0,0,0,0,0,0,0,0,0,0,0,0,0,0,0,0,0
1994,9,0,0,0,0,0,0,0,0,0,0,0,0,0,0,0,0,0,0,0,0,0,0,0,0,0,0,0,0,5.7,0,
1994,10,0,0,0,0,0,0,0,0,59.3,0.3,0,0,0,1.2,0,0,18,0.8,0,0,0,0,0,0,0,0,0,0,0,16.3,6.8
1994,11,0,0,0,0,0,0,0,0,0,0,0,0,0,0,0,0,0,0,0,0,0,0,0,0,14.9,0,0,0,23.5,16,
1994,12,0,0,0,0,0,0,0,0,0,0,0,0,0,0,0,0,0,0,0,0,0,0,0,0,0,5.2,1,14,1,33.5,0
1995,1,0,0,1,0,3.4,15.7,3.9,1.7,36.5,0.7,34.6,7.7,0.1,3.5,17.7,0,0,0,0,0,0,23.3,0,4.6,0,0,0,16,0,22.1,0
1995,2,0,0,20,4.3,2.5,23,0.7,0,1,0.6,1.1,1,0,0,3,3.4,0.7,22.7,22.8,27.2,0,12.2,21.7,13.3,0,59.8,3.8,0,,,
1995,3,9.3,43.3,0,30,4.3,0,0,3.3,62.3,0,1.8,0.7,1.2,30.9,3.8,1.9,2.3,10,0,5.9,0,1.7,10.6,8.1,12.9,0,0.9,2.7,13.7,0,0.9
1995,4,12.1,5.4,2.2,0,0,42.7,65.3,66.1,12.8,16.7,5.4,0.4,5.2,0.3,42.4,55.9,0,0,36.6,3.9,2.3,1.9,0,0,0,3.1,14.9,0,27.9,0,
1995,5,7,11.8,12.2,0,32.3,6,18.1,7.6,0,1.1,0.8,0,0,0,0,5.2,0,0,5.2,2.1,4.5,40.8,6.8,4.4,0.5,24.7,12.3,6.6,76.5,4.8,0
1995,6,0.2,0,0,0,0,0,0,0,0,0,0,0,1.3,0,0,0,0,0,0,0,0,0,0,0,0,0,0,0.2,0,0,
1995,7,0,0,7.8,0,0,0,0,0,0,0.5,0,0,0,0,0,0,0,0,0,0,0,0,0,0,0,0,0,0,0,0,0
1995,8,0,0,0,0,0,0,0,0,0,0,0,0,0,0,0,0,0,0,0,0,0,0,0,0,0,0,0,0,0,0,0
1995,9,0,0,0,0,0,0,0,0,0,0,0,0,0,0,0,0,0,0,0,0,0,0,0,0,0,0,0,0,0,0,
1995,10,0,0,0,0,0,0,0,0,0,0,0,0,0,0,0,0,0,0,0,0,0,0,0,0,0,0,0,0,0,0,0
1995,11,0,0,1.2,0,0,0,0,0,0,0,0,0,0,0,0,0,0,0,0.2,0,0,0,0,0,0,10.3,0,0,0,4.5,
1995,12,0,0,0,0,15.4,0,0,0,8.8,0,0,0,0,0,0,35.5,4.5,0,0,0,0,21.5,0,0,2.1,0,14.1,0,0,0,4.4
1996,1,15.6,0,0,0.6,66.8,3.8,0,1.7,0,0,0,0,0,8.7,4,0,6.7,0,0,0,6.8,0,0,10,0,0,0,0,0,0,3.6
1996,2,1.3,0,7,15.9,43.2,16.8,4.7,0,0,0,0,0,8.7,3.8,1.6,21,1.6,0,0,60,2.1,17,26.5,0,0,3.9,0,0,0,,
1996,3,13.7,36.7,0.1,0,77.3,73.9,6.8,0,0,21.2,0,15.8,26.2,6,0,2.7,9.8,33,12.2,0,26,0,0,2.5,1.7,8.1,63.5,110.8,0,0,88.7
1996,4,1.3,5.1,12.2,5.1,0,14.5,0,4.1,54.4,8.2,7.6,0,17.7,39,9.4,40.4,7.9,13.1,0,18.7,6.5,0,0,0,0,17.4,11.3,0.2,0,18.4,
1996,5,4.3,9.8,0,0.2,9.7,6.4,4.5,0,0,0,0,1,0,0,0,0,0,0,1,0,0,0,0,0,0,0,0,0,0,0,0.3
1996,6,0,0,0,0,0,0,0,0,0,0,0,0,0,0,0,0,0,0,0,0,0,0,0,0,0,0,0,0,0,0,
1996,7,0,0,0,0,0,0,0,0,0,0,0,0,0,2.1,0,0,0,0,0,0,0,0,0,0,0,0,0,0,0,0,0
1996,8,0,0,0,0.2,0,0,0,0,0,0,0,0,8.3,0,0,0,0,0,0,0,0,0,0,0,0,0,0,0,9,0,0
1996,9,0,0,0,0,0,0,0,0,0,0,0,0,0,0,0,0,0,0,2,0,0,0,0,0,0,0,0,0,0,0,
1996,10,0,0,58.7,1.6,0,15.7,0,55.3,35.8,0.6,0,0,0,0,0,0,6.5,0.1,0,1.8,0,0,0,0,0,0,0,0,0,0,0
1996,11,9.4,0,0.3,0,0,0,0,0,0,0,0,0,0,6.7,11.3,0,0,9.4,0,0.6,7.8,1.1,0,11.7,0,0,2.6,52.8,0,0,
1996,12,0,0,0,12.7,1.5,0,0,0,0,0,3.9,0,0,5.5,0,22.5,0,0,0,10.3,0,0,0,0,6.1,4,0,0,0,0,19
1997,1,17.8,2.3,2.9,0,0,0.7,0,13,0,0,0,1.5,0,19.3,10.1,0,0,0,0,32.7,16.7,0,2,3.8,5.3,0,0,29.7,2.8,0,0.7
1997,2,0,0.6,19.1,0.2,0,0.3,31.3,1.8,0,23.2,8.2,0.3,28.3,0,29.8,0,0,0,0,38.7,1.3,5.7,2,0.1,0,0,0,0,,,
1997,3,0,5.7,14,1.9,0,0,0.2,12.2,4.9,7.6,0.2,5.2,5.9,0.1,0.2,0,20.2,16.9,3.1,22.3,0,11.3,11.3,11.1,0,28.3,10.9,8.7,1.4,0,0.1
1997,4,0.3,22.6,22.3,0,0,1.5,1.2,1.1,3.5,0,0,0.4,0,0,1.5,9.3,0,0,0,0,0,0,9.9,0,16.7,0.7,0.4,0,0,0,
1997,5,16.2,0,10.7,2.3,1.9,0,0,0,0,0.2,0,0,0,0,0,0,0,0,0,0,0,0,0,16.5,4.7,0,0,0,0,0,0
1997,6,0,0,0,0,0,0,0,0,0,0,0,0,0,0,0,0,0,0,0,0,0,0,0,0,0,0,0,0,0,0.3,
1997,7,0,0,0,0,0,0,0,0,0,0,0,0,0,0,0,0,0,0,0,0,0,0,0,0,0,0,0,0,0,0,0
1997,8,0,0,0,0,0,0,0,0,0,0,0,0,0,0,0,0,0,0,0,0,0,0,0,0,0,9.3,0,0,0,0,0
1997,9,0,0,0,0,0,0,0,0,0,0,0,0,0,0,0,0,0,0,0,0,0,0,0,0,0,0,0,0,0,0,
1997,10,0,0,0,0,0,0,0,0,0,0,0,0,0,0,0,0,0,0,0,5,38,0.2,0,0,0,0,0,0,0,0,0
1997,11,0,0,0,0,0,0,0,0,0,0,0,0,0,0.9,0,0,0,8.3,0,0,0,0,1.2,0,0,0,0,3.9,0,0,
1997,12,0,0,0,0,0,0,0,0,0,0,0,1,0,0,0,0,0,0.5,0,0,0,6.3,1.6,9.5,0,0,15.1,22.5,0,0,0
1998,1,0,0,0,7.9,3.7,0,0,33.7,4.1,0.1,10.3,4.2,0,0.2,1.5,9.3,2.3,2.5,28.7,51.2,24.3,4.2,1.4,0,7.1,1.7,9.7,0,0,2.3,5.3
1998,2,0,23.1,25.4,0,0,0,0,0,0,0,0,0,0,0,0.4,0,0,1.9,1.1,6.1,7.3,2.8,0,11.1,6.2,0.9,0,0.6,,,
1998,3,24.5,0,36.8,15,0,19.2,6.2,0,1.9,5,1.5,0,0,0,0,0,5.9,0,0,10.7,5.9,13.5,7.7,10.6,3.5,3.5,0,0.2,17.6,72,0
1998,4,0,13.1,6.7,3,0,0,0,0,5.9,0,0.5,0,0,0,8.9,0,0.3,0,0,0,0,2.1,0,0,0,0,0,0,1,0,
1998,5,0,0,0,16.1,0,0,0,0,0,0,0,0,0,0,0,0,0,0,0,0,0,0,0,5.6,0,0,0,0,0,0,0
1998,6,0,23.6,0,0,0,0,0,0,0,0,0,0,0,0,0,0,0,0,10.4,0,0,0,0,0,0,0,0,1.2,0,0,
1998,7,0,0,0,0,0,0,0,0,0,19.3,0.5,0,0,0,0,0,0,0,0,0,0,0,0,0,0,0,0,0,0,0,0
1998,8,0,0,0,0,0,0,0,0,0,0,0,9.5,0,0,11.2,0,0,0,0,0,0,0,0,0,0,0,0,0,0,0,0
1998,9,0,0,0,0,0,0,0,0,0,0,0,0,0,0,0,0,0,0,0,0,0,0,0,0,0,0,0,0,0,0,
1998,10,0,0,0,0,0,0,0,0,0,11.6,0,0.8,0,0,0,0,0,1,0,0,0,0,0,0,0,0,0,0,0,0,0
1998,11,0,0,0,0,0,0,0,0,0,1.1,0,7.1,0,0,0,0,0,0,0.6,0,0,0.2,1.6,0,12.1,0,0,0.5,0,0,
1998,12,0,0,0,0,0,0,0,0.2,0,8,95.7,0,4.7,0,2.7,0,0.2,0,0,0,0.5,0,0,0,28.5,14.6,0,0,0.1,0.3,0
1999,1,0,0,0.4,0,0,5.4,0,0.2,0,0,5.8,4.4,0,0.3,0,2.5,0,10.1,3.6,0.3,0,0,10.8,1.8,0,1.7,0.2,10.7,0,1.6,11
1999,2,2.4,4.6,71.7,5,8.8,0.3,6.1,0.6,33.5,0,0.9,0,0,0,25.1,5.7,5.3,4.1,30.6,9.2,2.1,0,6.6,63,19.7,5.4,18,1.3,,,
1999,3,0,1.5,35.1,6.2,8.3,7.5,30.8,18.8,0.7,16.4,1.7,0,1.2,12.5,0,0,54.3,5.4,44.8,32.3,1.5,0,4.3,40.9,0,0,20,42.2,0.2,2,2.4
1999,4,12.6,2.6,0,26.8,6.6,0.9,9.6,14.9,16.4,0,3.1,1.9,10,1.2,0,2.8,1,0,0,15.8,0,14.6,0,20.2,0.6,2.2,0,9.7,1.3,0,
1999,5,12.4,5.9,5.3,0.4,0,0.1,12.1,0.7,0.1,0.7,7.6,0.1,1.6,15.1,1.1,2.7,0,0,0.2,0,0,0,0,0.1,0,0,0,0,0,0,0
1999,6,0,0,0,0,0,0,0,0,0,0,0,0,0,0,0,0,0,0,0,0,0.5,0,0,0,0,0,0,0,0,0,
1999,7,0,0,0,0,0,0,0,0,0,0,0,0,0,0,0,0,0,0,0,0,0,0,0,0,0,0,0,0,0,0,0
1999,8,0,0,0,0,0,0,0,0,0,0,0,0,0,0,0,0,0,0,0,0,0,0,0,0,0,0,0,0,0,0,0
1999,9,0,0,0,0,0,0,0,0,0,0,0,0,0,0,0,0,0,0,0,0,0,0,0,0,6.8,1.2,0,0,0,0,
1999,10,0,0,0,0,1,0,0,0,0,0,0,0,0,0,0,0.3,0,0,0,0,0,0,0,0,0,0,6.2,16.2,2,0,0
1999,11,47.5,0,0,0,0,0,0,0,0,6.5,0,0,0,0,0,6,26.7,0,0,0,0.5,0,0,0,56,0.5,0,0,0,0,
1999,12,0,0,14.4,22.2,4.6,0,0,0.2,0,7,0,0,0,0,0,0,2.7,0,0,66.7,0.7,3.5,10.3,110.2,30.7,1.1,0,0,11.9,7,0
2000,1,0,0,31.3,5.3,14.3,1.6,0.3,36.5,33.3,3.3,0,0,0,12.3,0.1,25.7,0,30.5,1.5,11.1,0.2,9.6,0,11.3,0.2,0,0,0,0,0,0.3
2000,2,38.7,2.2,6,6.7,16.2,2.6,25.4,8.4,0,36.2,5.8,1.1,0.4,118.4,55.8,0.7,1,39,5.7,0,0,0,1.7,42.7,0.4,0,12.2,8.2,1.4,,
2000,3,3,14.6,11.4,38.8,2.1,8.8,16.5,0.3,20.3,6.9,5.1,0.1,8.7,11.8,11.5,65.8,10.8,1.2,0,26.5,6.7,0.3,0,2.1,0,0.3,7.5,14.5,8.3,0.9,0.2
2000,4,1,43.4,2.2,40,0,0.2,0,4.1,0,8.2,17.7,10,43.1,0.2,33.8,3.2,0,26.7,4.5,10.2,29.7,0.2,3.2,0,18.3,11.4,1.4,0,31.6,0,
2000,5,8.1,0,0,0.6,0,3.4,0,4.4,20.9,0,0,19,0.9,0,0,0,0,0,1.9,0,0,5.8,0.9,0,0,0,0,0,0,0,8.9
2000,6,0,0,0,0,0,0,0,0,0,4.3,0,0,0,0,0,0,31.2,0,0,0,19.8,3.2,0,0.4,0,0,0,0,0,0,
2000,7,0,0,0,0,0,0,0,0,0,0,0,0.6,0,0,0,0,0,0,0.1,6.7,0,4.7,0,0,0,0,0,0.2,0.8,0,0
2000,8,0,0,1,0,0,0,0,0,8.5,30.5,0,0,0,0,0,0,0,0,0,0,0,0,0,0,0,0,0,0,0,0,0
2000,9,0,0,0,0,0,0,0,0,1.3,0.9,0.6,0,0,1.3,20.2,0,16.5,1.7,0.3,0,0,0,0,0,0,0,0,0,0.8,0,
2000,10,0,0,0,0,0,0,0,4.8,0,0,0,0,0,0,0,0,0,0,0,0,0,0,0,0,0,0,0,1.7,0,0,0
2000,11,0,0,0,0,0,0,0,0,0,0.1,0,0,0,0.8,0,0,0,0,0,0,0,0,0,0,0,0,0,0,0,0,
2000,12,0,0,0,1.4,0,0,0,0,17.1,0,0,0,0,0.4,47.3,76.3,2.4,3,0,0,0,0,0,5.2,18.6,0,0,1.8,0,0,0
2001,1,21.9,0,34.9,0,24,0,0,0,1.3,1.1,14,0.3,18.4,0.8,0,0,0,0,6.9,0.5,21,3.1,0,0,0,0,0,6.3,0,0.9,5.3
2001,2,5.5,0,0,0,1.6,0.2,0,0,0,8.2,0,10.6,2.4,15.4,0.3,0,9.4,11.4,3.9,0.4,0.2,13.7,5.5,2.8,0.2,0,0,15.2,,,
2001,3,29,0,26,1.7,0.8,1.1,0,0.4,0.2,0,0,85.8,32,6.2,22.8,20.1,34.3,0,0,2,0.9,1.9,0.4,11.3,0.4,0.3,3.6,0,6.8,4.3,0
2001,4,4.5,15,0,14.6,2.6,2.4,0,0.8,0.5,0,6.7,0,0,0.3,57.8,0,1.4,16.6,27.7,1.7,0.1,9.1,0,0,0,8.2,3.2,0,3.9,0,
2001,5,0,0.4,0,0,10.8,0,34.8,0,0,0,31.7,0,19,0,0,0,0,0,0,0,0.3,0,0,0,0,14.3,0,0,0,0,1.4
2001,6,12.6,1.4,9.6,0,5.8,7.7,0,1.3,0,2,0,0,0,0,0,0,0,0,0,0,0,0,0,7.3,0,0,0,0,32.4,8.2,
2001,7,0,0,0,2.5,0,0,0,0,0,0,0,0,0,0,27.7,0,0,0,0,0,0,5.7,0,0,0.1,0,0,0,0,0,0
2001,8,0,0,0,0,0,0,0,0,0,0,0,0,0,0,0,0,0,0,0,0,0,0,0,0,0,0,0,0,0,0.6,0
2001,9,0,0,0,0,0,0,0,0,0,0,0,0,0,0,0,0,0,8.5,6.6,0.6,0,0,0,0,0,0,0,0,0,4.6,
2001,10,0,0,0,0,0,0,0,0,0,0,0,0,0,0,0,0,0,0,0,0,0,0,0,0,14.9,1,0,0,0,0,0
2001,11,0,0,0.4,0,0,0,0,0,0,0,1.7,0,0,0,0,7.8,0,0,0,4.3,0,0,0,0,0,0.4,0,2.9,5.7,0,
2001,12,0,0,0,47.7,0,0,1.5,0,0,0,0,0,0,0,0,0,0,0,0,0,0,0,12.6,0,0,0,0,43.4,0.4,0,0.8
2002,1,0,0,1.2,0,30,0.6,7.9,5.4,43.6,1.7,3.3,27.1,16.4,31.2,0,82.6,0.6,15.1,0.3,3.6,7.1,8.8,12.2,0,5.7,0.7,0.5,0,0,0,0
2002,2,0,8.2,0,0,0,0,24.7,0,29.9,3.5,0,42,2.1,4.9,0,5.9,0,0,0.5,0,0,0,0,0,0,6.2,4.9,0,,,
2002,3,0,0.8,3,1.3,40.4,34.7,0,18.6,19.2,0,56.7,2.2,0.3,86.2,0,0,0,14.5,3.7,8.6,4.4,6.6,0,1,0,29,0,0,0,1.5,0
2002,4,2.5,2.9,6.5,14.3,6.8,0.2,37,0,14.5,3,50,6.3,0,0,0,9,1.9,0,0,0,0,0,0,0,0,0,18,0,0,0.7,
2002,5,42.3,11.5,2.4,4.5,0,0,4.1,17,1.2,2,0,0,10.5,0,0,0,0,0,0,0,0,0,0,0.3,5.8,4.6,0,0,0,0,0
2002,6,2.6,0,0,0,0,0,0,0,6,0,0,0,0,26.7,0,0,0,0,0,0,0,0,0,0,0,0,0,0,0,0,
2002,7,0,0,0,0,0,0,0,0,0,0,0,4,0,0,0,0,0,0,5.5,0.9,0,0,0,0,4.1,11,0,0,0,19.8,0.3
2002,8,0,0,0,3,0,0,0,0,0,0,0,0,0,0,0,0,0,0,0,0,0,0,0,0,0,0,0,0,0,0,0
2002,9,0,0,0,6.7,26.6,0,0,0,0,0,0,0,0,0,0,0,0,0,0,0,0,0,0,0,0,0,0,1.3,0.3,1.9,
2002,10,0,0,0,0,0,0,0,0,0,0,0,0,0,0,0,0,0,0,0,0,0,0,0,31.7,0,0,0,0,0,0,0
2002,11,0,0,0,0,0.7,0,0,0,1.8,0,0,0,0,0,0,0,0,0,0,0,0,0,5,0,6.8,0,0,0,10.8,4.5,
2002,12,0,0,0,0,0,0,0,0,8.7,2.6,14.6,0,0,0,0,0,0,0,3.2,44.3,0,0,0,0,0,7.8,0,0,0,0,13.3
2003,1,0.3,2.7,0,0,0,0,0,0,0,0,0.2,0,0,0,5.8,0,0,0,0,0,4.5,0,29.2,8.5,0.5,0,0.1,19.3,0,44.1,31.1
2003,2,12,6.3,12.7,0,12.9,24.8,0,2.1,0.5,0,0,0,17.5,4.5,0.5,0.8,39.4,0.1,29.2,0,12.4,0,2.6,4.8,1.2,3.9,4.4,33.9,,,
2003,3,28.4,0,12.2,1.8,19.1,32.1,2.2,0,13.2,0,14.7,0,2.7,0,16.5,31.6,11.3,0,0.6,39.1,1,13.3,48.3,0.2,0,10.5,8,13.9,0,0,1.1
2003,4,11.6,33.4,0.5,0.3,0.2,0,12.8,0,0.8,0.9,0,0,0,0.2,0.7,10.2,0,4.4,0,0.4,0,0,3.2,0,0,0,15.6,1,18.8,0,
2003,5,0,0.8,1.6,11.1,0,14.9,0,0,0,0,1,0,0,0,1.9,0,0,0,0,0,0,0,0,0,0,0,18.7,5.8,0,0.2,15.7
2003,6,0,4.1,0,0,0,1.6,0,0,0,0,0,0,0,0,0,0,4,0,0,0,0,0,1,0,1.3,0,0,0,0,0,
2003,7,0,0,0,0,0,0,0,0,0,0,0,0,0,0,0,0,0,0,0,0,0,0,0,0,0,0,0,0,0,0,0
2003,8,0,0,0,0,0,0,0,0,0,0,0,0,0,0,0,0,0,0,0,0,0,0,0,0,0,0,0,0,0,0,1
2003,9,0,0,0,0,0,0,0,0,0,0,0,0,0,0,0,0,0,0,0,0,0,0,0,0,0,0,0,0,0,0,
2003,10,0,0,0,0,0,0,0,0,0,0,0,0,0,0,0,0,0,0,0,0,0,0,0,0,0,0,0,0,0,0,0
2003,11,0.8,0,3.3,9.9,12.3,0,0,0,12,0,0,0,0,0,0,0,0,0,0,5.5,1.2,0,0.4,0,0,0,0,0,0,0,
2003,12,0,0,0,0,0,0,0,12.7,0,0,0,0,4.5,0,0,0,3,0,12.1,6.7,3.6,0,0,0,0,0.2,0,5.8,1.5,0.8,0
2004,1,0,0,0,0,0,0,0,0,0,9.3,16.6,10.8,0,14.9,30,0,0,31.3,0,3.7,0.3,2.6,28.5,43.2,68.1,0.5,26.4,2.7,4.8,5.7,5.4
2004,2,1.1,59,1.3,25.2,27.1,8.6,5.6,0,6.8,29.6,12.7,22.4,1.8,7.5,0,12.9,41.8,8.1,8,3.3,41,0.2,33.5,0.1,41.1,0,0.2,0,0,,
2004,3,41.4,0.5,0,0,0,20.3,45.8,9.8,0,0,20.1,8.8,10.9,68.2,0,0.1,9.4,10.9,29.6,6.8,0,1.6,0,16.5,20.7,2.5,10.7,5.3,0,0,2.6
2004,4,0,0.2,5.6,9.6,47,5.9,24.7,7.5,19.4,0,0,0,0,6.1,0,6.2,0,11.8,0,0,0,0,0,0,0,6.4,0,10.3,0,0,
2004,5,0.6,0,0,0,0,0,0,4.9,0,1.3,0.1,0,0,0,0,0,0,0,1.3,0,0,0,1.2,0,0,1.9,0,0,0,12.1,0
2004,6,0.1,0,0,0,0,0,0,0,0,0,0,0,0,0,0,0,0,0,2.6,4.1,0,0,0,0,0,0,0,0,0,0,
2004,7,0,0,0,0,0,0,0,0,0,2.2,0,0,0.2,0,0,0,0,0,0,0.2,0,0,0,0,0,0,0,0,0,0,0
2004,8,0,0,0,0,0,0,0,0,0,0,0,0,0,0,0,0,0,0,0,0,0,0,0,0,0,0,0,0,0.6,0,0
2004,9,0.1,0,0,0,0,0,0,0,0,0,0,0,0.6,0,0,0,0.2,0,0,0,0,0,0,0,0,0,0,0,3.6,0,
2004,10,0,0,0,0,0,0,0.6,0,0,0,0,0,0,0,0,0,0,0,0,20.1,0,1.9,0,0,0,0,5.6,0,0,0.7,0
2004,11,0,0,0,0,0,0,0,0,0,0,0,0,0,0,0,0.4,0,0,0,0,0,0,23.3,0,0,0,15.4,0.6,0,0,
2004,12,0,0,0,18.8,0,0,0,0,0,0,0,0,0,0,0,1,0,0,0,0,1,0,8.5,0,7.5,0,6.3,2.3,67.2,17,6.6
2005,1,9.7,0,1.5,0,0,0,0,0,0,0,0,0,0,39.7,21.5,15.3,6.5,0,0,0,0.4,0,21.2,0,1.8,43.3,0,0,0,3.7,0
2005,2,0,0,0,0,54.5,8.6,0,0,1.5,0.1,0,54.3,8.5,2.5,6.4,36.8,18.1,26.6,2.1,0,0,3.2,16.2,2.5,6.2,3.5,0,0,,,
2005,3,1.9,0,8.3,0,0.9,0,0,0,0,20.5,0,10,12.3,0.8,28.5,0,8.6,0.7,3.9,7.7,0,18,31,17.5,24.4,0.8,0.2,7.7,21.2,23.5,23.7
2005,4,0.3,0,0,0.1,0,0,0,0,0,0,0,0,0,0.2,0.2,14.8,0,0.2,5.4,0,0,0,0,0,4,1.7,0,0,56.6,2.7,
2005,5,1,0,1.9,0,0.7,0,0,0,0,0,0,0,0.5,0,2.7,0,0,0,0,0,0.2,19.6,8.9,2.9,0,0,0,6.1,0,0,0
2005,6,0,0,0,0,0,0,0,0,0,0,0,0,0,0,0.2,0.8,0,0,0,12.8,0.1,0,0,1.1,0,0,2,1.8,0,0,
2005,7,0,0,0,0,0,0,0,0,0,0,0,0,0,0,0,0,0,0,0,0,0,0.2,0,0,0,0,0,0,0,0,0
2005,8,0,0,0,0,0,0,0,0,0,0,0,0,0,0,0,0,0,0,0,0,0,0,0,0,0,0,0,0,0,0,0
2005,9,0,0,0,0,0,0,0,0,0,0,0,0,0,0,0,0,0,0,0,0,0,0,0,0,0.3,0,0,0,0.2,0,
2005,10,0,0,0,0,0,9,0,0,0,0,0,0.5,0,0,0,0,0,0,0.5,0,0,0,0,0,0,0,0,0,0,0,0
2005,11,1.4,1.8,0,0,0,0,0,0,0,0,0,0,0,83.6,0,0,0,0,0,0,0,0,4.2,0,0,11.8,0,0.2,0,0,
2005,12,0,0,0,1.8,2.8,63.1,0,18.7,4.5,1.9,0,0.2,0,0,4.7,0,0,0,6.8,7,23,0,0,10,6.1,0,0,31.8,0.7,0,8.9
2006,1,18.2,0,1.4,0.1,0,0.6,0,0.5,1.1,18.8,0.4,6.3,0.6,0,10.7,0,0,0,16,0.7,27.7,0,0.7,10.7,0,0,0,0,0,0,0
2006,2,0,7.5,0.2,5.3,4.2,47.5,69.5,0,0,0,1,3,7.9,1.5,0,0,0,13.7,0,0,18.4,0.6,0,0,6,0,30.8,5.5,,,
2006,3,4.6,1,0.5,4.2,3.5,0,0,3.2,0,2.2,0,0,0,2.3,7.3,0.7,0.2,0,1.5,0,3.4,10.7,31.3,46.7,8.4,19.6,1,0,5.6,5.3,20.7
2006,4,28.2,0.4,0.4,21.2,16.4,3.8,31.1,21.5,35.7,0,5.2,9.6,2.8,2.8,0,32.5,11.4,0,0,0,5,35.2,0.2,0,0.2,29.4,5.2,0,11.2,0,
2006,5,5,3.4,5.7,0,0,0,0,0,0,0.8,10.7,7.2,8.1,14.8,2.6,0,0,0,0,0,1,0,0,0,0,0,3.1,0,0,0,0
2006,6,0,0,0,0,0,0,0,0,0,0,0,0,0,0.4,0,0,5.9,0,0,0,0,0,0,0,0,0,0,0,0.1,3.9,
2006,7,0,0,0,0,0,0,0,0,0,0,0,0,0,0,0,0,0,0,0,0,0,0,0,0,0,0,0,0,0,0,0
2006,8,0,0.2,0,0,0,0,0,0,0,0,0,0,0,0,0,0,0,0,0,0,0,0,0,0,0,0,0,0,0,0,18
2006,9,0,0,0,0,0,0,0,0,0,0,0,0,0,0,0,0,0,0,0,0,0,0,0,0,0,0,0.1,0.2,0,0,
2006,10,0,0,0,0,0,0,0,0,0,0,0,0,0,0,0,0.4,0,0,25.3,0,0,0,0.2,1,18,0.5,0,0,0,0,16
2006,11,0,0,0,0,0,0,0,0,0,5.4,0.5,0.5,0,7.7,55.1,0,0,2.2,0,0,8.4,0,8.3,0,0.2,0.2,0,0,0,0,
2006,12,1.7,0,0.6,1.4,0,8.5,0,0,0,0.2,0,0,0,0,7,18.7,1,0.1,13,0,0,0,3,0,0,0.4,3.3,0.2,0,0,0
2007,1,21.1,6.1,5.3,1.2,0,17.2,0.4,0.1,0,13.5,0,6.8,0,0,0,0,2.4,0,0.1,0.5,0,2.9,0,0,0,0,0,0,0,0,0.3
2007,2,14.8,90.8,1.2,29.7,3.5,1.4,0,26.5,0.6,14.1,0.3,0,17.7,18.7,46.2,1,31.5,3,95.2,3.1,16.4,29.3,5.5,4.4,0,0.2,5.3,1.5,,,
2007,3,0,10.1,3.7,29.5,0.5,7.6,0,6.8,0,5.3,2.9,2.2,44.9,0.8,0.1,0,4.8,0.7,0.7,21.8,13,16.4,2.6,0,3.7,0,0,6.3,6.8,0,0
2007,4,0,0,0,0,0.1,0.7,0,49.2,35.3,0,2,6.5,4.8,0.9,0,0,0,0.1,11.3,0.9,0.9,8,0.3,0.6,0,0,10.5,0,4.9,4.8,
2007,5,0.2,0.5,11.2,2.8,0,0,0,0,0,0,0,0,0,0,0,0,0,0,0,0,4.6,0.8,0,0,0,0.4,20.8,3.6,0,0,0
2007,6,0,0,0,0,1.5,1.8,0,0,0,0.2,0,0,0,0,0,0,0,0,0,0,0,0,0,0,0,0,0,0,0,0,
2007,7,0,0,0,0,0,0,0,0,0,0,0,0,0,0,0,0,0,0,0,0,17.2,0,0,0,0,0,0,5.5,1.7,0,0
2007,8,0,0,0,0,0,0,0,0,0,0,0,0,0,0,0,0,0,0,0,0,0,0,0,0,0,0,0,0,0,0,0
2007,9,0,0,0,0,0,0,0,0,0,0,0,0,0,0,0,0,0,0,10.4,0,0,0,0,0,0,0,0,0,0,0,
2007,10,0,0,0,24.5,0,0,0,0,0,0,0,0,0,0,0,0,0,0,0,0,0.9,1.9,17.4,0,1.3,0,0,0,0,0,0
2007,11,0,0,0,0,0,0,0,0,0,17.8,0,0,0,0.4,0,0,0,0,0,0,0,0,0,0,0,0.5,0.1,0,0,0,
2007,12,0,16.3,0,0,0,2.6,0,0.2,16.4,0,0,0,0,4.2,0,0.3,0,0,0,0,0,0,0,0,9.8,0,0,4.3,2,0,0.1
2008,1,8.8,14.5,4.5,0,1.2,0,0,0,16.6,0,0,0,0,5.4,0,109.6,18,5.2,1.8,19.9,2,0,0,0.5,5.2,0.1,0.7,24.8,11,20.9,46.2
2008,2,58.5,3,0,0.3,0,0,0.6,0,7.7,3.3,6.1,4.1,16.9,0.2,4,35.8,0.2,0.8,0.3,4.6,13.8,0,0,0.1,5.4,9.7,1.7,3.6,0,,
2008,3,23.7,30.6,0,0.2,0.1,0,0.4,1.5,4.9,26.8,1.4,13.2,20.6,13.5,0.5,0,0.3,30.3,8.8,34.9,0.9,7.1,13.6,0.2,0.8,18.4,12.2,31.1,1.3,3.2,61.2
2008,4,1.1,0.2,5.5,8.1,63.2,7.5,3.3,1.6,2.9,11.6,2.4,0,1.1,5.5,18,8.2,0,0,0.1,0,3.1,6.9,14.2,10.9,0.7,6.6,1,0.1,0,3.6,
2008,5,0,4.9,13.6,0,39,19.3,1.7,0,3.6,16.8,18,11.4,0,0,0,0,0,0,0,0,0,0,0,0.4,0,4,0,28.7,0,0,0.9
2008,6,0,0,0,0,0,0,0,0,0,0,0,0,1,0,0,0,0,0,0,0,0,0,0,0,0,0,0,0,0,0,
2008,7,0,0,0,0,0,0,0.6,0,0,0,0,0,0,0,0,0,0,0,0,5,0,0,0,0,0,0,0,0,0,0,0
2008,8,0,0,0,0,0,0,0,0.8,0,0,0,0,0,0,0,0,0,0,0,0,0,0,0,0,0,0,0,0,0.5,0,0
2008,9,0,0,0,0,0,0,0,0,0,0,0,0,0,0,0,0,0,0,0,0,0,0,0,0,0,0,0,0,0,0,
2008,10,0,0,0,0,0.3,3.3,0,0,0,0,0,0,0,0,0,0,0,0,0,0,0,0,0,0,0,0,0,0.3,0,0,0
2008,11,0,0,0,0,2,4,0,0,0,11.2,0,0,0,19.3,4,0,0,0,0,0,0,0,0,0,0,0,0,0,0,0,
2008,12,0,0,1.7,4.8,0,0,0,0,0,0,0,0,5.7,0,0,0.7,0,0,0.4,114,6,20.7,0.8,0,0,16.3,29.6,0,0,19.4,0
2009,1,0,0,0,0,0,0,4.7,0.2,0,9.8,0,0,1.7,0,13.3,18.3,27.5,0,6.1,0.2,3.3,16.2,0.6,1.4,0,10.6,0,0,0.1,0,5.1
2009,2,0,4.8,18.5,2.9,0,0,5.9,0.3,0,0,3.8,11.7,15.6,1.4,0.5,55.8,7.7,12.7,49,2.2,0,14.6,49.9,14.9,0,0,0,1.7,,,
2009,3,1.4,22.7,39.5,2.6,7.8,1.4,0,0,0.8,0.2,6.7,6.4,0,0.7,0,6.6,27.5,31.1,1.9,9.3,0,3.6,17.8,27.2,2.1,3.5,4.2,2.1,3.2,0,19.3
2009,4,26.1,7.4,0,41.1,34.5,3.7,0,8.9,9.3,0.8,4.1,1.2,106.8,0.9,1.1,0.4,4.3,36,11.9,8.6,3.7,6.8,2.8,26.1,33.9,8.4,0,65.8,1.5,17.5,
2009,5,14.9,54.8,17.5,0,0,0,5,2,20.4,1.3,94.8,8.9,25.9,0,1.5,0,8.6,0,1.7,20.6,0,0,0,1.9,0,0,0,12.6,5.2,6.6,0
2009,6,0.1,0,0,2.7,0.6,0,4.4,0,0,1.9,0.2,3.4,0,0,0,0,0,0,0,1.4,0,0,0,0,0,0,0,0,0,0,
2009,7,0,0,0,0,0.2,0,0,0,0,0,0,0,0,0,0,0.8,0,0,0,0,0.8,0.3,2.3,1.4,1.3,0,0,0,0,0,0
2009,8,0,0,0,0,0,0,0,0,0,0,0,0,0,0,0,0,0,0,0,0,0,0,5.8,0,0,0,0,0,0,0,0
2009,9,0,0,0,0,0,0,0,0,0,0,0,0,0.1,0,0,0,0,0,0,0,0,0,0,0,0,0,0,0,0,0,
2009,10,6.2,0,0,0,0,0,0,0,0,0,0,3.1,0,0,0,0,1.4,0,0,0,0,0,0,0,0,0,0,17.8,0.4,0,0
2009,11,0,0,0,0,8.6,0,0,0,0,0,0,0,0,0.8,0.7,0,0,0,1,0,3.3,0,0,0,0,0.2,0,0,0,0,
2009,12,0,0,0,0.3,0.5,0,0,33.1,0.5,0,3.7,0,11.1,1.4,0.3,5.1,0,0,0,0,16.2,35.6,5.9,0,0,0,1.5,0,0,0,7.5
2010,1,52.1,0.8,3.6,28.7,0,6.6,0,9.6,0,0.6,0,0,0,30.8,9.9,0,7.5,8.3,3.5,0,28,0,0,0,1.4,4.5,22.8,17.4,19.4,2.5,0.5
2010,2,1.8,16.1,2,0,0,10.5,0,31.9,5.6,0,30.9,8.7,6.4,0,6.1,0,11.7,0,0,0.1,3.8,0,0,6.8,0.2,13,0,5.9,,,
2010,3,11.9,0,0,0,0,0,4.5,0,0,0,0,0,0,0,0,1.1,16.6,0,10.3,1.5,6.2,0.8,6.4,8.4,0.8,0,0,0,33.1,0.5,0
2010,4,10.5,22.1,25,11,0,3.1,38.9,11.8,20.8,4.9,11,14.5,6.7,0,0,12.2,57.3,8.4,21.4,0,0,0.7,1.9,12.7,0,0,0,0,0,0.1,
2010,5,0,4.4,5.2,1.7,0,0,6.3,0,0,0,0.2,0,0,2.3,8.7,0,0.1,0,0,0,0,0,0,0,0.1,11.3,0,0,0,21.3,2.5
2010,6,3.6,0,1.5,0,0,0,0,0,3,0,0,0,0,0,0,0,0,0,0,0,0,0,0,23.8,3.8,0,0,0,0,0,
2010,7,0,0,0,0,0,0,0,0,0,0,0,0,0,0,0.9,1,0,16.7,0,0,0,0,0,0,0,0,0,0,0,0,0
2010,8,0,0,0,0,0,0,0,0,0,0,0,0,0,0,0,0,2.1,0,0,0,0,0,0,0,0,0,0,0,0,0,0
2010,9,0,0,0,0,0,0,0,0,0,0,0,0,0,0,0,0,0,0,0,0,0,0,0,0,0,0,0,0,0,0,
2010,10,0,0,5.7,0,0,0,0,0,0,0,0,0,0,0,0,0,0,0,0,0,2.6,0,2,11.2,0,2.4,3.3,0,48.6,17.7,0
2010,11,0,0,0.3,0,0,0,0,0,0,0,0,0,0,50.5,0,0.7,0.2,0,0,0,0.3,0,0,0,0.4,0,0,0,11.9,0,
2010,12,0,0,0,0,0,2.6,0,0,0,0,0,0,6.5,17,12.7,0,1.6,48.4,0,0,0,0.6,0,0,4.6,0,0,0,0,0,0
2011,1,0,0,8.6,30.7,32.5,30.2,0.4,0,0,0.2,34.3,0,0,0,0,0,0,0,2.7,1.9,4.2,0,77,0,16.2,48.5,2.5,0,6.2,7,0
2011,2,8.7,27.9,1,0,38.3,18.3,0,12.6,1.9,4.1,0.6,0.4,21.9,0.6,19.1,26,51.7,0,4.1,0,9.2,0.2,16.6,14.7,30.5,14.8,0,2.4,,,
2011,3,44.3,0.5,0,3.3,0,1.6,0,14.6,1.7,0.2,2.5,4.9,28.8,0.3,0,0,0.2,0,0,8.4,0.5,6.7,0.8,4,0,0,3,26.3,12.7,0,0
2011,4,0,0,10.3,31.6,0.1,0.6,0,42.4,14.6,11.6,21.9,3.9,14.7,8.3,3.2,0.9,13.1,0,13.8,25.4,1.7,0,29.1,10.5,1.9,3.6,0,0,0,0,
2011,5,0.2,0,0,21.4,7.1,20.3,0.3,0,0,0,0,0.2,0,0,0,3.1,3,9.9,47.8,2.1,0,0,0,0,0,0,0,0,0,0,0
2011,6,0,0,0,0,0,0,0,0,0,0,6.1,0,0.3,0,0,0,0,0,0,0,0,0,0,0,0,0,0,0,0,0,
2011,7,0,0,0,0,0,0.6,0,0,14.8,3.6,0,0,0,0,0,0,0,0,0,0,0,0,0,0,0,0,0,0,0,0,0
2011,8,0,4.9,0,2.5,0.2,0,0,0,0,0,0,0,0,0,0,0,0,0,0,0,0,0,0,0,0,0,16.7,0,0,0,0
2011,9,0,0,0,0,0,0,0,0,0,0,0,0,0,0,9.1,0,0,0,0,0,0,0,0,0,0,0,0,0,0,0,
2011,10,0,0,0,0,0,0,0,0,0,0,0,0,0,0,0,0,0,6.4,0,42.5,1.8,0,0,0,0,6.4,0,0,0,0.3,0
2011,11,0,0,13.8,2.3,0.6,0.2,0,4.6,0,12.8,2.2,8.5,9.3,0,0,0,0,0,0,0,0,0,5,0,0,28.5,0.5,0.5,0,0.3,
2011,12,0,0,11.7,0,0,0,0,0,0,0,7.9,0,0,1.4,11.6,0,0,0,23.1,0,8.3,0,0,0.5,0,0,11.1,0,2.3,0,0
2012,1,0,0,0,0,0.3,0.5,5.2,5,0,11.2,0,4.2,0,0,0,1.5,2.7,0.8,19.4,1.5,0,2.1,0,13.8,5,23.6,0.9,2.1,0,20.9,0
2012,2,0,7.3,0,0,0,0,0,13.2,0.7,0.1,6.1,9.8,0,5.5,34.2,3.2,5,0.5,14.9,0,27.8,11.8,16.5,4,5.1,0.7,2.3,6.2,4.9,,
2012,3,0.2,0,0,0.1,0.1,17.5,25.6,5.7,6.6,3.8,0.2,9.8,4.9,0,10,3.8,5.2,0,1.8,19.8,53.2,35.4,7.4,0,0,0.5,15.8,0.8,0,39.5,0.2
2012,4,0,0,1.3,20.6,0.6,0.1,0,0,0,0,3.8,5.5,0,0,0,0,0.5,2,0,0,0,6.5,0,0,0,0,0.1,0,0,0,
2012,5,4.9,5.3,0,0,0,0,0,0,0,0.6,0,9.2,0,0,0,0,0,0,0,0,0.6,0,0,0.2,0.4,0,0,0,0.7,0,1
2012,6,0,1.8,0,1.8,0,0,0.2,0,0,1.7,0,0,0,0,0,0,0,0,0,0,40.7,0,1.6,4.1,1.8,0,1.5,0,0,0,
2012,7,0,0,0,0,0,0,0,0,0,0,5.6,0,0,0,0,0,0,0,0,0,0,0,0,0,0,0,0,0,0,0,0
2012,8,0,0,0,0,0,0,0,0,0,0,0,0,0,0,0,0,0,0,0,0,0,0,0,0,0,0,0,0,0,0,0
2012,9,0,0,0,0,0,0,0,0,0,0,0,0,0,0,0,0,0,0,0.5,0,0,0,0,0,0,0,0,0,1.8,0,
2012,10,0,0,0,8.1,0,0,0,0,0,0,0,0,0,0,0,0,0,0,0,0,0.2,0,0,0,0,0,9.8,0,0,0,0
2012,11,0,5.5,17.3,0,0,0,0,0,0,7.6,63.9,0,8.4,0,0,0,0,0,0,0,0,0,0,0,0,0.3,5.9,0,0,0.7,
2012,12,5.6,0,7.2,0,0,0,0,0,0,5.9,0,0,0,0,1.1,0,0.3,0,0,0,1.2,15.2,0,16.2,0,0.5,0,0,49.8,1.6,0
